Page,Meta description
https://wertymsd.github.io/Centralita_IA/,Descargue Aplicación Centralita IA   para conectar su Centralita con IA y su telefono movil. Podrá abrir de forma automática la ficha que le llama o crearla con un asistente IA. Además usando su compañía telefónica habitual.
https://wertymsd.github.io/Centralita_IA/castellano/api-ia-chatgpt/,"Es necesario generar un código de enlace con CHATGPT desde la gestión de API.
Puede ver el siguiente video para visualizar los paso a seguir:"
https://wertymsd.github.io/Centralita_IA/castellano/app-call-remoto/,Descargue aqui la herramienta para conectar su Windows y su telefono movil. La licencia necesario en Bluetoorg Handsfree Licence
https://wertymsd.github.io/Centralita_IA/castellano/centralita-IA/,"La integración la aplicación centralita con IA le aporta mayores beneficios en sus comunicaciones porque le permite mejorar la gestión de tiempo y de los recursos. Esta integración de la centralita destaca por la marcación de un solo clic al lanzar las llamadas, registro automático con la información detallada de las llamadas  y mucho más, que garantiza que tenga todos los datos de los clientes a mano y sea más efectiva las comunicaciones."
https://wertymsd.github.io/Centralita_IA/castellano/inicio-rapido-centralita%20IA%20CHATGPT/,1º Descarga Gratuita Herramienta Centralita
https://wertymsd.github.io/Centralita_IA/castellano/link-descarga-software-centralita-IA/,Descargue aqui la herramienta para conectar su Centralita con IA y su telefono Android.
https://wertymsd.github.io/Centralita_IA/castellano/pantalla-configuracion-centralita-IA/,Pantalla de parametrización de la aplicación con la siguientes opciones:
https://wertymsd.github.io/Centralita_IA/castellano/requisitos-minimos/,
https://wertymsd.github.io/Centralita_IA/castellano/virtual-audio-cable/,Configuracion necesaria para grabar audio de la llamas para su proceso por IA ChatGPT
